domain	path	methods	fn	file	params	doc	guest	layer	wraps
auth	propms.api.mobile.change_user_password	ALL	change_user_password	propms/api/mobile.py	old_password;new_password	Change the logged-in user's password (compat endpoint for mobile app).	false	mobile	
auth	propms.api.mobile.cleanup_expired_otps	ALL	cleanup_expired_otps	propms/api/mobile.py		Cleanup expired and old OTP rows.	false	mobile	
auth	propms.api.mobile.get_customer_user_info	ALL	get_customer_user_info	propms/api/mobile.py		PropMS-compatible replacement for real_estate_support_system.api.mobile.get_customer_user_info.	false	mobile	
auth	propms.api.mobile.request_password_reset_otp	ALL	request_password_reset_otp	propms/api/mobile.py	email=None	Request OTP for password reset (guest-safe, enumeration-safe).	true	mobile	
auth	propms.api.mobile.reset_password_after_otp	ALL	reset_password_after_otp	propms/api/mobile.py	email=None;new_password=None	Reset password after successful OTP verification (3-screen flow).	true	mobile	
auth	propms.api.mobile.set_user_profile_image	ALL	set_user_profile_image	propms/api/mobile.py	file_data=None;filename=None;file_url=None	Set the logged-in user's profile image (compat endpoint for mobile app).	false	mobile	
auth	propms.api.mobile.update_user_image	ALL	update_user_image	propms/api/mobile.py	params	Update a user's profile image using existing file_url (compat endpoint).	false	mobile	
auth	propms.api.mobile.verify_otp	ALL	verify_otp	propms/api/mobile.py	email=None;otp=None	Verify OTP only (for 3-screen flow).	true	mobile	
auth	propms.api.mobile.verify_otp_and_reset_password	ALL	verify_otp_and_reset_password	propms/api/mobile.py	email=None;otp=None;new_password=None	Combined 2-screen flow: verify OTP and reset password in one call.	true	mobile	
auth	propms.api.v1.Auth.auth.accept_terms_and_conditions	ALL	accept_terms_and_conditions	propms/api/v1/Auth/auth.py	user_identifier=None	Mark mobile app terms accepted. Mobile VIVA Tenant: Tenant Details from Lease (Tenant fallback).	false	v1	
auth	propms.api.v1.Auth.auth.check_first_login	ALL	check_first_login	propms/api/v1/Auth/auth.py		Check if the logged-in app user must change password on first login.	false	v1	
auth	propms.api.v1.Auth.auth.check_terms_acceptance	ALL	check_terms_acceptance	propms/api/v1/Auth/auth.py	user_identifier=None	Check if the user has accepted the mobile app terms & conditions.	false	v1	
auth	propms.api.v1.Auth.auth.get_terms_and_conditions	ALL	get_terms_and_conditions	propms/api/v1/Auth/auth.py	user_identifier=None	Return latest mobile Terms & Conditions and acceptance state. Mobile VIVA Tenant uses Tenant Details from Lease (Tenant fallback).	false	v1	
auth	propms.api.v1.Auth.auth.get_user_roles	POST	get_user_roles	propms/api/v1/Auth/auth.py	user=None	Return roles and user_type for a user. POST with user email (defaults to logged-in user).	false	v1	
auth	propms.api.v1.Auth.auth.set_initial_password	ALL	set_initial_password	propms/api/v1/Auth/auth.py	new_password=None	Set password on first login (admin provided initial credentials).	false	v1	
water	propms.api.mobile.add_to_cart	POST	add_to_cart	propms/api/mobile.py	item_code=None;quantity=1;delivery_instructions=None;lease=None	Add a water product to cart as a draft Sales Order (one item per SO).	false	mobile	propms.api.v1.water.water.add_to_cart
water	propms.api.mobile.checkout_water_order	POST	checkout_water_order	propms/api/mobile.py	sales_order=None;payment_method='MOBILE_MONEY';phone_number=None;amount=None	Pay one water cart Sales Order via Selcom (no bulk pay).	false	mobile	propms.api.v1.water.water.checkout_water_order
water	propms.api.mobile.get_cart	GET|POST	get_cart	propms/api/mobile.py	lease=None	List draft water cart Sales Orders for the authenticated tenant.	false	mobile	propms.api.v1.water.water.get_cart
water	propms.api.mobile.get_drinking_water_products	GET|POST	get_drinking_water_products	propms/api/mobile.py		Fetch active drinking water items for the mobile catalog.	false	mobile	propms.api.v1.water.water.get_drinking_water_products
water	propms.api.mobile.order_drinking_water	POST	order_drinking_water	propms/api/mobile.py	item_code=None;quantity=1;delivery_instructions=None;lease=None	Adds item to water cart (draft Sales Order). Prefer add_to_cart.	false	mobile	propms.api.v1.water.water.add_to_cart
water	propms.api.mobile.remove_from_cart	POST	remove_from_cart	propms/api/mobile.py	sales_order=None	Remove a draft water cart item (delete draft Sales Order).	false	mobile	propms.api.v1.water.water.remove_from_cart
water	propms.api.mobile.update_cart_item	POST	update_cart_item	propms/api/mobile.py	sales_order=None;quantity=None;delivery_instructions=None	Update quantity (and optional notes) on a draft water cart Sales Order.	false	mobile	propms.api.v1.water.water.update_cart_item
water	propms.api.v1.water.water.add_to_cart	POST	add_to_cart	propms/api/v1/water/water.py	item_code=None;quantity=1;delivery_instructions=None;lease=None	Add a water product to cart as a draft Sales Order (one item per SO).	false	v1	
water	propms.api.v1.water.water.checkout_water_order	POST	checkout_water_order	propms/api/v1/water/water.py	sales_order=None;payment_method='MOBILE_MONEY';phone_number=None;amount=None	Pay one water cart Sales Order via Selcom (no bulk pay).	false	v1	
water	propms.api.v1.water.water.get_cart	GET|POST	get_cart	propms/api/v1/water/water.py	lease=None	List draft water cart Sales Orders for the authenticated tenant.	false	v1	
water	propms.api.v1.water.water.get_drinking_water_products	GET|POST	get_drinking_water_products	propms/api/v1/water/water.py		Fetch active drinking water items for the mobile catalog.	false	v1	
water	propms.api.v1.water.water.order_drinking_water	POST	order_drinking_water	propms/api/v1/water/water.py	item_code=None;quantity=1;delivery_instructions=None;lease=None	Alias for add_to_cart (replaces the old immediate Sales Invoice workflow).	false	v1	
water	propms.api.v1.water.water.remove_from_cart	POST	remove_from_cart	propms/api/v1/water/water.py	sales_order=None	Remove a draft water cart item (delete draft Sales Order).	false	v1	
water	propms.api.v1.water.water.update_cart_item	POST	update_cart_item	propms/api/v1/water/water.py	sales_order=None;quantity=None;delivery_instructions=None	Update quantity (and optional notes) on a draft water cart Sales Order.	false	v1	
payments	propms.api.mobile.cancel_payment	POST	cancel_payment	propms/api/mobile.py	order_id=None	Cancel an active pending payment order.	false	mobile	propms.api.v1.payments.services.cancel_payment
payments	propms.api.mobile.delete_stored_card	POST|DELETE	delete_stored_card	propms/api/mobile.py	card_token=None	Remove a previously saved card token from Selcom using resource id or token.	false	mobile	propms.api.v1.payments.services.delete_stored_card
payments	propms.api.mobile.get_payment_methods	GET|POST	get_payment_methods	propms/api/mobile.py		Return list of enabled payment methods and configurations for the mobile app.	true	mobile	propms.api.v1.payments.services.get_payment_methods
payments	propms.api.mobile.get_payment_status	GET|POST	get_payment_status	propms/api/mobile.py	order_id=None;transaction_id=None	Query current payment status from local DB and Selcom Gateway.	false	mobile	propms.api.v1.payments.services.get_payment_status
payments	propms.api.mobile.get_stored_cards	GET|POST	get_stored_cards	propms/api/mobile.py		Retrieve list of saved card tokens for the authenticated tenant user.	false	mobile	propms.api.v1.payments.services.get_stored_cards
payments	propms.api.mobile.initiate_payment	POST	initiate_payment	propms/api/mobile.py	invoice_name=None;amount=None;payment_method='MOBILE_MONEY';phone_number=None	Initiate a Selcom payment for a Sales Invoice (rent / utility path).	false	mobile	propms.api.v1.payments.services.initiate_payment
payments	propms.api.mobile.initiate_reference_payment	POST	initiate_reference_payment	propms/api/mobile.py	reference_doctype=None;reference_name=None;payment_workflow=None;amount=None;payment_method='MOBILE_MONEY';phone_number=None	Generic Selcom initiate for any supported reference + workflow.	false	mobile	propms.api.v1.payments.services.initiate_reference_payment
payments	propms.api.mobile.pay_with_stored_card	POST	pay_with_stored_card	propms/api/mobile.py	invoice_name=None;card_token=None;amount=None;cvv=None	Initiate and process a payment using a previously saved/tokenized card.	false	mobile	propms.api.v1.payments.services.pay_with_stored_card
payments	propms.api.mobile.selcom_ipn_webhook	GET|POST	selcom_ipn_webhook	propms/api/mobile.py	*args;**kwargs	Public Webhook / IPN Receiver for Selcom Payment Gateway.	true	mobile	propms.api.v1.payments.webhook.selcom_ipn_webhook
payments	propms.api.v1.payments.services.cancel_payment	POST	cancel_payment	propms/api/v1/payments/services.py	order_id=None	Cancel an active pending payment order.	false	v1	
payments	propms.api.v1.payments.services.delete_stored_card	POST|DELETE	delete_stored_card	propms/api/v1/payments/services.py	card_token=None;id=None	Remove a previously saved card token from Selcom using resource id or token.	false	v1	
payments	propms.api.v1.payments.services.get_payment_methods	GET|POST	get_payment_methods	propms/api/v1/payments/services.py		Return list of enabled payment methods and configurations for the mobile app.	true	v1	
payments	propms.api.v1.payments.services.get_payment_status	GET|POST	get_payment_status	propms/api/v1/payments/services.py	order_id=None;transaction_id=None	Query current payment status from local DB and Selcom Gateway.	false	v1	
payments	propms.api.v1.payments.services.get_stored_cards	GET|POST	get_stored_cards	propms/api/v1/payments/services.py		Retrieve list of saved card tokens for the authenticated tenant user.	false	v1	
payments	propms.api.v1.payments.services.initiate_payment	POST	initiate_payment	propms/api/v1/payments/services.py	invoice_name=None;amount=None;payment_method='MOBILE_MONEY';phone_number=None	Initiate a Selcom payment for a Sales Invoice (rent / utility path).	false	v1	
payments	propms.api.v1.payments.services.initiate_reference_payment	POST	initiate_reference_payment	propms/api/v1/payments/services.py	reference_doctype=None;reference_name=None;payment_workflow=None;amount=None;payment_method='MOBILE_MONEY';phone_number=None	Generic Selcom initiate for any supported reference + workflow.	false	v1	
payments	propms.api.v1.payments.services.pay_with_stored_card	POST	pay_with_stored_card	propms/api/v1/payments/services.py	invoice_name=None;card_token=None;amount=None;cvv=None	Initiate and process a payment using a previously saved/tokenized card.	false	v1	
payments	propms.api.v1.payments.webhook.selcom_ipn_webhook	GET|POST	selcom_ipn_webhook	propms/api/v1/payments/webhook.py	*args;**kwargs	Public Webhook / IPN Receiver for Selcom Payment Gateway.	true	v1	
invoices	propms.api.mobile.download_invoice_pdf	GET|POST	download_invoice_pdf	propms/api/mobile.py	invoice_name=None	Stream the official PDF representation of the Sales Invoice to the mobile app.	false	mobile	propms.api.v1.invoices.invoices.download_invoice_pdf
invoices	propms.api.mobile.download_receipt_pdf	GET|POST	download_receipt_pdf	propms/api/mobile.py	invoice_name=None;payment_entry_name=None	Stream the official PDF representation of the Payment Receipt (Payment Entry) to the mobile app.	false	mobile	propms.api.v1.invoices.invoices.download_receipt_pdf
invoices	propms.api.mobile.get_invoice_details	GET|POST	get_invoice_details	propms/api/mobile.py	invoice_name=None	Fetch comprehensive invoice details including line items, taxes, and payment history.	false	mobile	propms.api.v1.invoices.invoices.get_invoice_details
invoices	propms.api.mobile.get_tenant_invoices	GET|POST	get_tenant_invoices	propms/api/mobile.py	status='all';lease=None;page=1;page_length=20	Fetch all Sales Invoices for the authenticated tenant mobile user.	false	mobile	propms.api.v1.invoices.invoices.get_tenant_invoices
invoices	propms.api.mobile.initiate_invoice_payment	POST	initiate_invoice_payment	propms/api/mobile.py	invoice_name=None;amount=None;phone_number=None;payment_channel='SELCOM_PUSH'	Prepare and initiate payment for an outstanding invoice with Selcom.	false	mobile	propms.api.v1.invoices.invoices.initiate_invoice_payment
invoices	propms.api.v1.invoices.invoices.download_invoice_pdf	GET|POST	download_invoice_pdf	propms/api/v1/invoices/invoices.py	invoice_name=None	Stream the official PDF representation of the Sales Invoice to the mobile app.	false	v1	
invoices	propms.api.v1.invoices.invoices.download_receipt_pdf	GET|POST	download_receipt_pdf	propms/api/v1/invoices/invoices.py	invoice_name=None;payment_entry_name=None	Stream the official PDF representation of the Payment Receipt (Payment Entry) to the mobile app.	false	v1	
invoices	propms.api.v1.invoices.invoices.get_invoice_details	GET|POST	get_invoice_details	propms/api/v1/invoices/invoices.py	invoice_name=None	Fetch comprehensive invoice details including line items, taxes, and payment history.	false	v1	
invoices	propms.api.v1.invoices.invoices.get_tenant_invoices	GET|POST	get_tenant_invoices	propms/api/v1/invoices/invoices.py	status='all';lease=None;page=1;page_length=20	Fetch all Sales Invoices for the authenticated tenant mobile user.	false	v1	
invoices	propms.api.v1.invoices.invoices.initiate_invoice_payment	POST	initiate_invoice_payment	propms/api/v1/invoices/invoices.py	invoice_name=None;amount=None;phone_number=None;payment_channel='SELCOM_PUSH'	Prepare and initiate payment for an outstanding invoice with Selcom.	false	v1	
invoices	propms.api.v1.invoices.invoices.selcom_payment_webhook	POST	selcom_payment_webhook	propms/api/v1/invoices/invoices.py		Webhook receiver for Selcom payment confirmations.	true	v1	
job_card_tickets	propms.api.mobile.assign_subcontractor	GET|POST	assign_subcontractor	propms/api/mobile.py	ticket_id=None;assigned_to=None	Assign a subcontractor to an Issue by setting Issue.sub_contractor (Supplier).	false	mobile	propms.api.v1.job_card.job_card.assign_subcontractor
job_card_tickets	propms.api.mobile.assign_ticket_to_staff	GET|POST	assign_ticket_to_staff	propms/api/mobile.py	ticket_id=None;assigned_to=None	Assign an Issue to a maintenance staff by setting Issue.person_in_charge (Employee).	false	mobile	propms.api.v1.job_card.job_card.assign_ticket_to_staff
job_card_tickets	propms.api.mobile.change_ticket_priority	GET|POST	change_ticket_priority	propms/api/mobile.py	ticket_id=None;ticket_priority=None	Change Issue.priority for a ticket.	false	mobile	propms.api.v1.job_card.job_card.change_ticket_priority
job_card_tickets	propms.api.mobile.change_ticket_status	GET|POST	change_ticket_status	propms/api/mobile.py	ticket_id=None;status=None;reason=None;defect_found=None;resolution_details=None	Universal status transition endpoint supporting all job card statuses.	false	mobile	propms.api.v1.job_card.job_card.change_ticket_status
job_card_tickets	propms.api.mobile.close_ticket_with_feedback	GET|POST	close_ticket_with_feedback	propms/api/mobile.py	ticket_id=None;rating=None;customer_feedback=None	Close a ticket and optionally submit customer feedback.	false	mobile	propms.api.v1.job_card.job_card.close_ticket_with_feedback
job_card_tickets	propms.api.mobile.create_ticket	GET|POST	create_ticket	propms/api/mobile.py	subject=None;description=None;property_name=None;issue_type=None	Create an Issue (jobcard/ticket) from the mobile app.	false	mobile	propms.api.v1.job_card.job_card.create_ticket
job_card_tickets	propms.api.mobile.edit_ticket_communication	GET|POST	edit_ticket_communication	propms/api/mobile.py	ticket_id;communication_idx;new_message_content;mentioned_emails=None	Edit a Support Communication message (WhatsApp-style edit).	false	mobile	propms.api.v1.job_card.job_card.edit_ticket_communication
job_card_tickets	propms.api.mobile.get_issue_types	GET|POST	get_issue_types	propms/api/mobile.py		Return list of Issue Type options from the Issue Type doctype (for dropdowns/filters).	false	mobile	propms.api.v1.job_card.job_card.get_issue_types
job_card_tickets	propms.api.mobile.get_mentionable_support_staff	ALL	get_mentionable_support_staff	propms/api/mobile.py	ticket_id=None	Backward-compatible wrapper for mentionable support staff.	false	mobile	propms.api.v1.job_card.job_card.get_mentionable_support_staff
job_card_tickets	propms.api.mobile.get_subcontractor_list	GET|POST	get_subcontractor_list	propms/api/mobile.py		Return list of subcontractor app users for assignment. Maintenance-only.	false	mobile	propms.api.v1.job_card.job_card.get_subcontractor_list
job_card_tickets	propms.api.mobile.get_support_staff_list	GET|POST	get_support_staff_list	propms/api/mobile.py		Return list of enabled Mobile Technicians for ticket assignment.	false	mobile	propms.api.v1.job_card.job_card.get_support_staff_list
job_card_tickets	propms.api.mobile.get_ticket_communications	GET|POST	get_ticket_communications	propms/api/mobile.py	ticket_id;limit=20;offset=0;channel=None	Get communications for a specific Issue (mobile-optimised).	false	mobile	propms.api.v1.job_card.job_card.get_ticket_communications
job_card_tickets	propms.api.mobile.get_ticket_priorities	GET|POST	get_ticket_priorities	propms/api/mobile.py	ticket_id=None	Return all Issue Priority options and current Issue.priority for a ticket.	false	mobile	propms.api.v1.job_card.job_card.get_ticket_priorities
job_card_tickets	propms.api.mobile.get_user_tickets	GET|POST	get_user_tickets	propms/api/mobile.py	status_filter=None;limit=50;offset=0	Return Issues for the logged-in user (mobile jobcards/tickets).	false	mobile	propms.api.v1.job_card.job_card.get_user_tickets
job_card_tickets	propms.api.mobile.initialize_app_websocket	GET|POST	initialize_app_websocket	propms/api/mobile.py		Initialize websocket connection and subscribe to relevant rooms for the logged-in user.	false	mobile	propms.api.v1.job_card.job_card.initialize_app_websocket
job_card_tickets	propms.api.mobile.mark_communications_as_read	GET|POST	mark_communications_as_read	propms/api/mobile.py	ticket_id=None;issue_id=None;communication_indices=None	Mark specific or all unread communications on a ticket as read.	false	mobile	propms.api.v1.job_card.job_card.mark_communications_as_read
job_card_tickets	propms.api.mobile.put_ticket_on_hold	GET|POST	put_ticket_on_hold	propms/api/mobile.py	ticket_id=None;hold_reason=None	Put a ticket on hold. Maintenance staff or Admin only.	false	mobile	propms.api.v1.job_card.job_card.put_ticket_on_hold
job_card_tickets	propms.api.mobile.resolve_ticket	GET|POST	resolve_ticket	propms/api/mobile.py	ticket_id=None;defect_found=None;resolution_details=None	Mark a ticket as Resolved. Maintenance staff, technician, or Admin.	false	mobile	propms.api.v1.job_card.job_card.resolve_ticket
job_card_tickets	propms.api.mobile.resume_ticket_from_hold	GET|POST	resume_ticket_from_hold	propms/api/mobile.py	ticket_id=None	Resume a ticket from On Hold back to Open. Maintenance staff or Admin only.	false	mobile	propms.api.v1.job_card.job_card.resume_ticket_from_hold
job_card_tickets	propms.api.mobile.send_ticket_communication	GET|POST	send_ticket_communication	propms/api/mobile.py	issue_id=None;ticket_id=None;message_content=None;image_attachment=None;attachment=None;file_attachments=None;video_attachment=None;video=None;reply_to_idx=None;mentioned_emails=None;channel=None;communication_channel=None	Send a message to an Issue using the Support Communication child table.	false	mobile	propms.api.v1.job_card.job_card.send_ticket_communication
job_card_tickets	propms.api.mobile.send_typing_indicator	GET|POST	send_typing_indicator	propms/api/mobile.py	ticket_id;is_typing=True	Send a transient 'user is typing' indicator for a ticket (no DB write).	false	mobile	propms.api.v1.job_card.job_card.send_typing_indicator
job_card_tickets	propms.api.mobile.submit_tenant_rating_and_feedback	GET|POST	submit_tenant_rating_and_feedback	propms/api/mobile.py	ticket_id=None;rating=None;customer_feedback=None	Allow a tenant to submit a rating and optional feedback for a Resolved ticket.	false	mobile	propms.api.v1.job_card.job_card.submit_tenant_rating_and_feedback
job_card_tickets	propms.api.mobile.subscribe_to_ticket_room	GET|POST	subscribe_to_ticket_room	propms/api/mobile.py	ticket_id	Subscribe to a specific Issue room for real-time updates (mobile expects ticket_id).	false	mobile	propms.api.v1.job_card.job_card.subscribe_to_ticket_room
job_card_tickets	propms.api.mobile.unsubscribe_from_ticket_room	GET|POST	unsubscribe_from_ticket_room	propms/api/mobile.py	ticket_id	Unsubscribe from a specific Issue room (mobile still passes ticket_id).	false	mobile	propms.api.v1.job_card.job_card.unsubscribe_from_ticket_room
job_card_tickets	propms.api.v1.job_card.job_card.assign_subcontractor	POST	assign_subcontractor	propms/api/v1/job_card/job_card.py	ticket_id=None;assigned_to=None	Assign a subcontractor to an Issue by setting Issue.sub_contractor (Supplier).	false	v1	
job_card_tickets	propms.api.v1.job_card.job_card.assign_ticket_to_staff	POST	assign_ticket_to_staff	propms/api/v1/job_card/job_card.py	ticket_id=None;assigned_to=None	Assign an Issue to a maintenance staff by setting Issue.person_in_charge (Employee).	false	v1	
job_card_tickets	propms.api.v1.job_card.job_card.change_ticket_priority	POST	change_ticket_priority	propms/api/v1/job_card/job_card.py	ticket_id=None;ticket_priority=None	Change Issue.priority for a ticket.	false	v1	
job_card_tickets	propms.api.v1.job_card.job_card.change_ticket_status	POST	change_ticket_status	propms/api/v1/job_card/job_card.py	ticket_id=None;status=None;reason=None;defect_found=None;resolution_details=None	Universal status transition endpoint supporting all job card statuses.	false	v1	
job_card_tickets	propms.api.v1.job_card.job_card.check_person_in_charge	POST	check_person_in_charge	propms/api/v1/job_card/job_card.py	ticket_id=None	Check whether an Issue has been assigned (person_in_charge set).	false	v1	
job_card_tickets	propms.api.v1.job_card.job_card.check_subcontractor	POST	check_subcontractor	propms/api/v1/job_card/job_card.py	ticket_id=None	Check whether an Issue has a subcontractor assigned (sub_contractor set). Maintenance-only.	false	v1	
job_card_tickets	propms.api.v1.job_card.job_card.close_ticket_with_feedback	POST	close_ticket_with_feedback	propms/api/v1/job_card/job_card.py	ticket_id=None;rating=None;customer_feedback=None	Close a ticket and optionally submit customer feedback.	false	v1	
job_card_tickets	propms.api.v1.job_card.job_card.create_ticket	ALL	create_ticket	propms/api/v1/job_card/job_card.py	subject=None;description=None;property_name=None;issue_type=None	Create an Issue (jobcard/ticket) from the mobile app.	false	v1	
job_card_tickets	propms.api.v1.job_card.job_card.edit_ticket_communication	ALL	edit_ticket_communication	propms/api/v1/job_card/job_card.py	ticket_id;communication_idx;new_message_content;mentioned_emails=None	Edit a Support Communication message (WhatsApp-style edit).	false	v1	
job_card_tickets	propms.api.v1.job_card.job_card.get_issue_types	ALL	get_issue_types	propms/api/v1/job_card/job_card.py		Return list of Issue Type options from the Issue Type doctype (for dropdowns/filters).	false	v1	
job_card_tickets	propms.api.v1.job_card.job_card.get_job_card_statuses	GET|POST	get_job_card_statuses	propms/api/v1/job_card/job_card.py		Return list of all valid job card / ticket statuses.	false	v1	
job_card_tickets	propms.api.v1.job_card.job_card.get_mentionable_support_staff	ALL	get_mentionable_support_staff	propms/api/v1/job_card/job_card.py	ticket_id=None	Return maintenance mentionables for an issue (officer/manager, technician, subcontractor).	false	v1	
job_card_tickets	propms.api.v1.job_card.job_card.get_property	ALL	get_property	propms/api/v1/job_card/job_card.py		Return properties for the logged-in app user.	false	v1	
job_card_tickets	propms.api.v1.job_card.job_card.get_subcontractor_list	ALL	get_subcontractor_list	propms/api/v1/job_card/job_card.py		Return list of subcontractor app users for assignment. Maintenance-only.	false	v1	
job_card_tickets	propms.api.v1.job_card.job_card.get_support_staff_list	ALL	get_support_staff_list	propms/api/v1/job_card/job_card.py		Return list of enabled Mobile Technicians for ticket assignment.	false	v1	
job_card_tickets	propms.api.v1.job_card.job_card.get_ticket_communications	ALL	get_ticket_communications	propms/api/v1/job_card/job_card.py	ticket_id;limit=20;offset=0;channel=None	Get communications for a specific Issue (mobile-optimised).	false	v1	
job_card_tickets	propms.api.v1.job_card.job_card.get_ticket_priorities	ALL	get_ticket_priorities	propms/api/v1/job_card/job_card.py	ticket_id=None	Return all Issue Priority options and current Issue.priority for a ticket.	false	v1	
job_card_tickets	propms.api.v1.job_card.job_card.get_user_image	ALL	get_user_image	propms/api/v1/job_card/job_card.py	user=None	Return the user's profile image URL (defaults to current user).	false	v1	
job_card_tickets	propms.api.v1.job_card.job_card.get_user_tickets	ALL	get_user_tickets	propms/api/v1/job_card/job_card.py	status_filter=None;limit=50;offset=0	Return Issues for the logged-in user (mobile jobcards/tickets).	false	v1	
job_card_tickets	propms.api.v1.job_card.job_card.initialize_app_websocket	ALL	initialize_app_websocket	propms/api/v1/job_card/job_card.py		Initialize websocket connection and subscribe to relevant rooms for the logged-in user.	false	v1	
job_card_tickets	propms.api.v1.job_card.job_card.mark_communications_as_read	ALL	mark_communications_as_read	propms/api/v1/job_card/job_card.py	ticket_id=None;issue_id=None;communication_indices=None	Mark specific or all unread communications on a ticket as read.	false	v1	
job_card_tickets	propms.api.v1.job_card.job_card.put_ticket_on_hold	POST	put_ticket_on_hold	propms/api/v1/job_card/job_card.py	ticket_id=None;hold_reason=None	Put a ticket on hold. Maintenance staff or Admin only.	false	v1	
job_card_tickets	propms.api.v1.job_card.job_card.resolve_ticket	POST	resolve_ticket	propms/api/v1/job_card/job_card.py	ticket_id=None;defect_found=None;resolution_details=None	Mark a ticket as Resolved. Maintenance staff, technician, or Admin.	false	v1	
job_card_tickets	propms.api.v1.job_card.job_card.resume_ticket_from_hold	POST	resume_ticket_from_hold	propms/api/v1/job_card/job_card.py	ticket_id=None	Resume a ticket from On Hold back to Open. Maintenance staff or Admin only.	false	v1	
job_card_tickets	propms.api.v1.job_card.job_card.send_ticket_communication	ALL	send_ticket_communication	propms/api/v1/job_card/job_card.py	issue_id=None;ticket_id=None;message_content=None;image_attachment=None;attachment=None;file_attachments=None;video_attachment=None;video=None;reply_to_idx=None;mentioned_emails=None;channel=None;communication_channel=None	Send a message to an Issue using the Support Communication child table.	false	v1	
job_card_tickets	propms.api.v1.job_card.job_card.send_typing_indicator	ALL	send_typing_indicator	propms/api/v1/job_card/job_card.py	ticket_id;is_typing=True	Send a transient 'user is typing' indicator for a ticket (no DB write).	false	v1	
job_card_tickets	propms.api.v1.job_card.job_card.submit_tenant_rating_and_feedback	POST	submit_tenant_rating_and_feedback	propms/api/v1/job_card/job_card.py	ticket_id=None;rating=None;customer_feedback=None	Allow a tenant to submit a rating and optional feedback for a Resolved ticket.	false	v1	
job_card_tickets	propms.api.v1.job_card.job_card.subscribe_to_ticket_room	ALL	subscribe_to_ticket_room	propms/api/v1/job_card/job_card.py	ticket_id	Subscribe to a specific Issue room for real-time updates (mobile expects ticket_id).	false	v1	
job_card_tickets	propms.api.v1.job_card.job_card.unsubscribe_from_ticket_room	ALL	unsubscribe_from_ticket_room	propms/api/v1/job_card/job_card.py	ticket_id	Unsubscribe from a specific Issue room (mobile still passes ticket_id).	false	v1	
job_card_tickets	propms.api.v1.job_card.job_card.update_job_card_status	POST	update_job_card_status	propms/api/v1/job_card/job_card.py	ticket_id=None;status=None;reason=None;defect_found=None;resolution_details=None	Update job card status endpoint for Manager/Officer/Technician.	false	v1	
job_card_tickets	propms.api.v1.job_card.job_card.update_ticket_status	POST	update_ticket_status	propms/api/v1/job_card/job_card.py	ticket_id=None;status=None;reason=None;defect_found=None;resolution_details=None	Alias for change_ticket_status / update_job_card_status.	false	v1	
visitors_gate_pass	propms.api.mobile.cancel_visitor_pass	POST	cancel_visitor_pass	propms/api/mobile.py	pass_id=None	Cancel an active visitor pass prior to check-in.	false	mobile	propms.api.v1.gate_pass.gate_pass.cancel_visitor_pass
visitors_gate_pass	propms.api.mobile.checkout_visitor	POST	checkout_visitor	propms/api/mobile.py	pass_id=None	Security / Staff endpoint: Check out visitor leaving premises.	false	mobile	propms.api.v1.gate_pass.gate_pass.checkout_visitor
visitors_gate_pass	propms.api.mobile.create_visitor_pass	POST	create_visitor_pass	propms/api/mobile.py	visitor_name=None;phone_number=None;visitor_type='Guest';expected_arrival_date=None;expected_arrival_time=None;vehicle_plate=None;validity_type='One-Time Entry';lease=None;property_unit=None;notes=None	Create a new Visitor Gate Pass for the authenticated tenant resident.	false	mobile	propms.api.v1.gate_pass.gate_pass.create_visitor_pass
visitors_gate_pass	propms.api.mobile.get_security_gate_passes	GET|POST	get_security_gate_passes	propms/api/mobile.py	date=None;status=None;search=None;page=1;page_length=50	Security / Reception endpoint: View and search gate passes.	false	mobile	propms.api.v1.gate_pass.gate_pass.get_security_gate_passes
visitors_gate_pass	propms.api.mobile.get_tenant_apartments	GET|POST	get_tenant_apartments	propms/api/mobile.py		Return all apartments and active leases linked to the authenticated Mobile VIVA Tenant.	false	mobile	propms.api.v1.gate_pass.gate_pass.get_tenant_apartments
visitors_gate_pass	propms.api.mobile.get_tenant_visitor_passes	GET|POST	get_tenant_visitor_passes	propms/api/mobile.py	status='all';lease=None;page=1;page_length=20	Return list of visitor passes created by the logged-in tenant.	false	mobile	propms.api.v1.gate_pass.gate_pass.get_tenant_visitor_passes
visitors_gate_pass	propms.api.mobile.get_visitor_pass_details	GET|POST	get_visitor_pass_details	propms/api/mobile.py	pass_id=None	Get complete details and verification payload for a specific visitor pass.	false	mobile	propms.api.v1.gate_pass.gate_pass.get_visitor_pass_details
visitors_gate_pass	propms.api.mobile.validate_and_checkin_visitor	POST	validate_and_checkin_visitor	propms/api/mobile.py	pass_id=None;notes=None	Security / Staff endpoint: Validate QR scan & check in visitor with WebSocket & FCM push.	false	mobile	propms.api.v1.gate_pass.gate_pass.validate_and_checkin_visitor
visitors_gate_pass	propms.api.v1.gate_pass.gate_pass.cancel_visitor_pass	POST	cancel_visitor_pass	propms/api/v1/gate_pass/gate_pass.py	pass_id=None	Cancel an active visitor pass prior to check-in.	false	v1	
visitors_gate_pass	propms.api.v1.gate_pass.gate_pass.checkout_visitor	POST	checkout_visitor	propms/api/v1/gate_pass/gate_pass.py	pass_id=None	Security / Staff endpoint: Check out visitor leaving premises.	false	v1	
visitors_gate_pass	propms.api.v1.gate_pass.gate_pass.create_visitor_pass	POST	create_visitor_pass	propms/api/v1/gate_pass/gate_pass.py	visitor_name=None;phone_number=None;visitor_type='Guest';expected_arrival_date=None;expected_arrival_time=None;vehicle_plate=None;validity_type='One-Time Entry';lease=None;property_unit=None;notes=None	Create a new Visitor Gate Pass for the authenticated tenant resident.	false	v1	
visitors_gate_pass	propms.api.v1.gate_pass.gate_pass.enqueue_gate_pass_push	ALL	enqueue_gate_pass_push	propms/api/v1/gate_pass/gate_pass.py	user;pass_id;title;body;visitor_name=None;property_unit=None;vehicle_plate=None;event_type='visitor_arrived'	Send FCM push notification for Gate Pass events with rich data payload.	false	v1	
visitors_gate_pass	propms.api.v1.gate_pass.gate_pass.get_security_gate_passes	GET|POST	get_security_gate_passes	propms/api/v1/gate_pass/gate_pass.py	date=None;status=None;search=None;page=1;page_length=50	Security / Reception endpoint: View and search gate passes.	false	v1	
visitors_gate_pass	propms.api.v1.gate_pass.gate_pass.get_tenant_apartments	GET|POST	get_tenant_apartments	propms/api/v1/gate_pass/gate_pass.py		Return all apartments and active leases linked to the authenticated Mobile VIVA Tenant.	false	v1	
visitors_gate_pass	propms.api.v1.gate_pass.gate_pass.get_tenant_visitor_passes	GET|POST	get_tenant_visitor_passes	propms/api/v1/gate_pass/gate_pass.py	status='all';lease=None;page=1;page_length=20	Return list of visitor passes created by the logged-in tenant.	false	v1	
visitors_gate_pass	propms.api.v1.gate_pass.gate_pass.get_visitor_pass_details	GET|POST	get_visitor_pass_details	propms/api/v1/gate_pass/gate_pass.py	pass_id=None	Get complete details and verification payload for a specific visitor pass.	false	v1	
visitors_gate_pass	propms.api.v1.gate_pass.gate_pass.validate_and_checkin_visitor	POST	validate_and_checkin_visitor	propms/api/v1/gate_pass/gate_pass.py	pass_id=None;notes=None	Security / Staff endpoint: Validate QR scan & check in visitor with WebSocket & FCM push.	false	v1	
amenities	propms.api.mobile.cancel_amenity_booking	POST	cancel_amenity_booking	propms/api/mobile.py	booking_id=None;cancellation_reason=None		false	mobile	propms.api.v1.amenities.cancel_booking
amenities	propms.api.mobile.create_amenity_booking	POST	create_amenity_booking	propms/api/mobile.py	amenity=None;booking_date=None;start_time=None;end_time=None;guests_count=1;notes=None;lease=None;property_unit=None		false	mobile	propms.api.v1.amenities.create_booking
amenities	propms.api.mobile.get_amenities	GET|POST	get_amenities	propms/api/mobile.py	category=None		false	mobile	propms.api.v1.amenities.get_amenities
amenities	propms.api.mobile.get_amenity_detail	GET|POST	get_amenity_detail	propms/api/mobile.py	amenity=None		false	mobile	propms.api.v1.amenities.get_amenity_detail
amenities	propms.api.mobile.get_available_slots	GET|POST	get_available_slots	propms/api/mobile.py	amenity=None;booking_date=None		false	mobile	propms.api.v1.amenities.get_available_slots
amenities	propms.api.mobile.get_my_amenity_bookings	GET|POST	get_my_amenity_bookings	propms/api/mobile.py	status='all';page=1;page_length=20		false	mobile	propms.api.v1.amenities.get_my_bookings
amenities	propms.api.amenities.cancel_booking	POST	cancel_booking	propms/api/amenities.py	booking_id=None;cancellation_reason=None		false	top	propms.api.v1.amenities.cancel_booking
amenities	propms.api.amenities.create_booking	POST	create_booking	propms/api/amenities.py	amenity=None;booking_date=None;start_time=None;end_time=None;guests_count=1;notes=None;lease=None;property_unit=None		false	top	propms.api.v1.amenities.create_booking
amenities	propms.api.amenities.get_amenities	GET|POST	get_amenities	propms/api/amenities.py	category=None		false	top	propms.api.v1.amenities.get_amenities
amenities	propms.api.amenities.get_amenity_detail	GET|POST	get_amenity_detail	propms/api/amenities.py	amenity=None		false	top	propms.api.v1.amenities.get_amenity_detail
amenities	propms.api.amenities.get_available_slots	GET|POST	get_available_slots	propms/api/amenities.py	amenity=None;booking_date=None		false	top	propms.api.v1.amenities.get_available_slots
amenities	propms.api.amenities.get_my_bookings	GET|POST	get_my_bookings	propms/api/amenities.py	status='all';page=1;page_length=20		false	top	propms.api.v1.amenities.get_my_bookings
amenities	propms.api.v1.amenities.user_bookings.cancel_booking	POST	cancel_booking	propms/api/v1/amenities/user_bookings.py	booking_id=None;cancellation_reason=None	Cancel a confirmed amenity booking.	false	v1	
amenities	propms.api.v1.amenities.booking.create_booking	POST	create_booking	propms/api/v1/amenities/booking.py	amenity=None;booking_date=None;start_time=None;end_time=None;guests_count=1;notes=None;lease=None;property_unit=None	Create a new confirmed booking for a resident on a Viva Amenity.	false	v1	
amenities	propms.api.v1.amenities.list.get_amenities	GET|POST	get_amenities	propms/api/v1/amenities/list.py	category=None	Return all active Viva Amenities with cover and gallery images.	false	v1	
amenities	propms.api.v1.amenities.list.get_amenity_detail	GET|POST	get_amenity_detail	propms/api/v1/amenities/list.py	amenity=None	Return full details and gallery images for a specific amenity.	false	v1	
amenities	propms.api.v1.amenities.slots.get_available_slots	GET|POST	get_available_slots	propms/api/v1/amenities/slots.py	amenity=None;booking_date=None	Calculate time slots and real-time availability for an amenity on a given date.	false	v1	
amenities	propms.api.v1.amenities.user_bookings.get_my_bookings	GET|POST	get_my_bookings	propms/api/v1/amenities/user_bookings.py	status='all';page=1;page_length=20	Return upcoming & past amenity bookings for the logged-in resident.	false	v1	
emergency	propms.api.mobile.get_emergency_incidents	GET|POST	get_emergency_incidents	propms/api/mobile.py	status='all';page=1;page_length=20		false	mobile	propms.api.v1.emergency.get_emergency_incidents
emergency	propms.api.mobile.report_emergency	POST	report_emergency	propms/api/mobile.py	incident_type=None;property_unit=None;location_details=None;details=None		false	mobile	propms.api.v1.emergency.report_emergency
emergency	propms.api.mobile.update_emergency_status	POST	update_emergency_status	propms/api/mobile.py	incident_id=None;status=None;resolution_notes=None		false	mobile	propms.api.v1.emergency.update_incident_status
emergency	propms.api.emergency.get_emergency_incidents	GET|POST	get_emergency_incidents	propms/api/emergency.py	status='all';page=1;page_length=20		false	top	propms.api.v1.emergency.get_emergency_incidents
emergency	propms.api.emergency.report_emergency	POST	report_emergency	propms/api/emergency.py	incident_type=None;property_unit=None;location_details=None;details=None		false	top	propms.api.v1.emergency.report_emergency
emergency	propms.api.emergency.update_incident_status	POST	update_incident_status	propms/api/emergency.py	incident_id=None;status=None;resolution_notes=None		false	top	propms.api.v1.emergency.update_incident_status
emergency	propms.api.v1.emergency.notify.enqueue_emergency_fcm_push	ALL	enqueue_emergency_fcm_push	propms/api/v1/emergency/notify.py	incident_id;incident_type;location;reporter	Background job to send high-priority push notification to security & staff devices.	false	v1	
emergency	propms.api.v1.emergency.status.get_emergency_incidents	GET|POST	get_emergency_incidents	propms/api/v1/emergency/status.py	status='all';page=1;page_length=20	Return emergency incidents list.	false	v1	
emergency	propms.api.v1.emergency.report.report_emergency	POST	report_emergency	propms/api/v1/emergency/report.py	incident_type=None;property_unit=None;location_details=None;details=None	Report a building emergency incident and trigger real-time dispatch.	false	v1	
emergency	propms.api.v1.emergency.status.update_incident_status	POST	update_incident_status	propms/api/v1/emergency/status.py	incident_id=None;status=None;resolution_notes=None	Staff endpoint: Update emergency incident status (Dispatched, Responding, Resolved).	false	v1	
directory	propms.api.mobile.get_directory_contacts	GET|POST	get_directory_contacts	propms/api/mobile.py	department=None		false	mobile	propms.api.v1.directory.get_directory_contacts
directory	propms.api.directory.get_directory_contacts	GET|POST	get_directory_contacts	propms/api/directory.py	department=None		false	top	propms.api.v1.directory.get_directory_contacts
directory	propms.api.v1.directory.contacts.get_directory_contacts	GET|POST	get_directory_contacts	propms/api/v1/directory/contacts.py	department=None	Return active Viva Building Contacts sorted by emergency priority.	false	v1	
calls	propms.api.mobile.answer_call	POST	answer_call	propms/api/mobile.py	call_id=None		false	mobile	propms.api.v1.calls.answer_call
calls	propms.api.mobile.end_call	POST	end_call	propms/api/mobile.py	call_id=None;reason='ended'		false	mobile	propms.api.v1.calls.end_call
calls	propms.api.mobile.get_call_config	GET|POST	get_call_config	propms/api/mobile.py			false	mobile	propms.api.v1.calls.get_livekit_config
calls	propms.api.mobile.get_call_history	GET|POST	get_call_history	propms/api/mobile.py	status='all';page=1;page_length=20		false	mobile	propms.api.v1.calls.get_call_history
calls	propms.api.mobile.initiate_call	POST	initiate_call	propms/api/mobile.py	receiver=None;call_type='Voice'		false	mobile	propms.api.v1.calls.initiate_call
calls	propms.api.calls.answer_call	POST	answer_call	propms/api/calls.py	call_id=None		false	top	propms.api.v1.calls.answer_call
calls	propms.api.calls.end_call	POST	end_call	propms/api/calls.py	call_id=None;reason='ended'		false	top	propms.api.v1.calls.end_call
calls	propms.api.calls.get_call_config	GET|POST	get_call_config	propms/api/calls.py		Return public LiveKit server connection configuration.	false	top	propms.api.v1.calls.get_livekit_config
calls	propms.api.calls.get_call_history	GET|POST	get_call_history	propms/api/calls.py	status='all';page=1;page_length=20		false	top	propms.api.v1.calls.get_call_history
calls	propms.api.calls.initiate_call	POST	initiate_call	propms/api/calls.py	receiver=None;call_type='Voice'		false	top	propms.api.v1.calls.initiate_call
calls	propms.api.v1.calls.answer.answer_call	POST	answer_call	propms/api/v1/calls/answer.py	call_id=None	Accept and join an active incoming call.	false	v1	
calls	propms.api.v1.calls.end.end_call	POST	end_call	propms/api/v1/calls/end.py	call_id=None;reason='ended'	End or decline an active call and calculate total duration.	false	v1	
calls	propms.api.v1.calls.initiate.enqueue_incoming_call_push	ALL	enqueue_incoming_call_push	propms/api/v1/calls/initiate.py	receiver;call_payload	Background job to send high-priority FCM push notification for incoming calls.	false	v1	
calls	propms.api.v1.calls.history.get_call_history	GET|POST	get_call_history	propms/api/v1/calls/history.py	status='all';page=1;page_length=20	Return call logs for the logged-in user (both incoming and outgoing).	false	v1	
calls	propms.api.v1.calls.initiate.initiate_call	POST	initiate_call	propms/api/v1/calls/initiate.py	receiver=None;call_type='Voice'	Initiate a 1-on-1 audio/video call between residents/staff.	false	v1	
files	propms.api.mobile.abort_upload_session	ALL	abort_upload_session	propms/api/mobile.py	session_id=None	Abort upload session and clean up temp chunks.	false	mobile	propms.api.v1.files.chunked_upload.abort_upload_session
files	propms.api.mobile.finalize_upload	ALL	finalize_upload	propms/api/mobile.py	session_id=None;doctype=None;docname=None;fieldname=None;is_private=None	Reassemble all chunks into the final File document in Frappe.	false	mobile	propms.api.v1.files.chunked_upload.finalize_upload
files	propms.api.mobile.get_upload_session_status	ALL	get_upload_session_status	propms/api/mobile.py	session_id=None	Check upload session progress and return received chunks.	false	mobile	propms.api.v1.files.chunked_upload.get_upload_session_status
files	propms.api.mobile.start_upload_session	ALL	start_upload_session	propms/api/mobile.py	filename=None;total_chunks=1;total_size=0;file_type=None;doctype=None;docname=None;fieldname=None;is_private=0	Initialize a chunked upload session.	false	mobile	propms.api.v1.files.chunked_upload.start_upload_session
files	propms.api.mobile.upload_attachment	ALL	upload_attachment	propms/api/mobile.py	file_data=None;filename=None;ticket_id=None	Upload a single file (base64) matching vsd_helpdesk mobile API.	false	mobile	
files	propms.api.mobile.upload_chunk	ALL	upload_chunk	propms/api/mobile.py	session_id=None;chunk_index=None	Receive and save an individual binary chunk.	false	mobile	propms.api.v1.files.chunked_upload.upload_chunk
files	propms.api.mobile.upload_mobile_image	ALL	upload_mobile_image	propms/api/mobile.py	file_data=None;filename=None;ticket_id=None		false	mobile	
files	propms.api.v1.files.chunked_upload.abort_upload_session	ALL	abort_upload_session	propms/api/v1/files/chunked_upload.py	session_id=None;upload_session_id=None	Abort upload session and clean up temp chunks.	false	v1	
files	propms.api.v1.files.chunked_upload.finalize_upload	ALL	finalize_upload	propms/api/v1/files/chunked_upload.py	session_id=None;upload_session_id=None;doctype=None;docname=None;fieldname=None;is_private=None	Reassemble all chunks into the final File document in Frappe.	false	v1	
files	propms.api.v1.files.chunked_upload.get_upload_session_status	ALL	get_upload_session_status	propms/api/v1/files/chunked_upload.py	session_id=None;upload_session_id=None	Check upload session progress and return received chunks.	false	v1	
files	propms.api.v1.files.chunked_upload.start_upload_session	ALL	start_upload_session	propms/api/v1/files/chunked_upload.py	filename=None;file_name=None;total_chunks=1;chunks_total=None;total_size=0;file_size=None;file_type=None;doctype=None;docname=None;fieldname=None;is_private=0	Initialize a chunked upload session.	false	v1	
files	propms.api.v1.files.chunked_upload.upload_chunk	ALL	upload_chunk	propms/api/v1/files/chunked_upload.py	session_id=None;upload_session_id=None;chunk_index=None;chunk_number=None	Receive and save an individual binary chunk.	false	v1	
notifications	propms.api.mobile.enqueue_ticket_assigned_push	GET|POST	enqueue_ticket_assigned_push	propms/api/mobile.py	user;ticket_id;title=None;body=None;ticket_title=None;assigned_by=None;role_type=None	Send FCM push notification and Notification Log when a ticket is assigned to a technician/subcontractor.	false	mobile	propms.api.v1.notifications.notifications.enqueue_ticket_assigned_push
notifications	propms.api.mobile.enqueue_ticket_created_push	GET|POST	enqueue_ticket_created_push	propms/api/mobile.py	user;ticket_id;title=None;body=None;ticket_title=None;property_name=None;creator_name=None	Send FCM push notification and Notification Log to staff when a new ticket is created by a tenant.	false	mobile	propms.api.v1.notifications.notifications.enqueue_ticket_created_push
notifications	propms.api.mobile.enqueue_ticket_message_push	GET|POST	enqueue_ticket_message_push	propms/api/mobile.py	user;ticket_id;title;body;message_idx=None;notification_type=None	Send FCM push notification for ticket messages or mentions.	false	mobile	propms.api.v1.notifications.notifications.enqueue_ticket_message_push
notifications	propms.api.mobile.enqueue_ticket_status_push	GET|POST	enqueue_ticket_status_push	propms/api/mobile.py	user;ticket_id;new_status;title=None;body=None;ticket_title=None	Send FCM push notification and Notification Log when a ticket status changes.	false	mobile	propms.api.v1.notifications.notifications.enqueue_ticket_status_push
notifications	propms.api.fcm.register_token	POST	register_token	propms/api/fcm.py	fcm_token	Register or refresh an FCM token for the logged-in user.	false	top	propms.api.v1.notifications.fcm.register_token
notifications	propms.api.fcm.unregister_token	POST	unregister_token	propms/api/fcm.py	fcm_token	Unregister an FCM token for the logged-in user.	false	top	propms.api.v1.notifications.fcm.unregister_token
notifications	propms.api.v1.notifications.notifications.enqueue_app_notification_push	ALL	enqueue_app_notification_push	propms/api/v1/notifications/notifications.py	user;notification_id;title;body	Send FCM push notification for app-level notifications.	false	v1	
notifications	propms.api.v1.notifications.notifications.enqueue_ticket_assigned_push	ALL	enqueue_ticket_assigned_push	propms/api/v1/notifications/notifications.py	user;ticket_id;title=None;body=None;ticket_title=None;assigned_by=None;role_type=None	Send FCM push notification and Notification Log when a ticket is assigned to a technician/subcontractor.	false	v1	
notifications	propms.api.v1.notifications.notifications.enqueue_ticket_created_push	ALL	enqueue_ticket_created_push	propms/api/v1/notifications/notifications.py	user;ticket_id;title=None;body=None;ticket_title=None;property_name=None;creator_name=None	Send FCM push notification and Notification Log to staff when a new ticket is created by a tenant.	false	v1	
notifications	propms.api.v1.notifications.notifications.enqueue_ticket_message_push	ALL	enqueue_ticket_message_push	propms/api/v1/notifications/notifications.py	user;ticket_id;title;body;message_idx=None;notification_type=None	Send FCM push notification for ticket messages or mentions.	false	v1	
notifications	propms.api.v1.notifications.notifications.enqueue_ticket_status_push	ALL	enqueue_ticket_status_push	propms/api/v1/notifications/notifications.py	user;ticket_id;new_status;title=None;body=None;ticket_title=None	Send FCM push notification and Notification Log when a ticket status changes.	false	v1	
notifications	propms.api.v1.notifications.fcm.register_token	POST	register_token	propms/api/v1/notifications/fcm.py	fcm_token	Register or refresh an FCM token for the logged-in user.	false	v1	
notifications	propms.api.v1.notifications.fcm.unregister_token	POST	unregister_token	propms/api/v1/notifications/fcm.py	fcm_token	Unregister an FCM token for the logged-in user.	false	v1	
